<WorkCell name="Scene">

	<Frame name="Table" refframe="WORLD" type="Fixed">
        <RPY>0 0 0</RPY> <Pos>0 0 -0.1</Pos>		
        <Drawable name="Table" refframe="Table">
        <Polytope file="table/Sigmund_table" />
        </Drawable>
</Frame>

	<Frame name="URReference" refframe="Table" type="Movable">
	<RPY>0 0 0</RPY> <Pos>0 0 0.11</Pos>
</Frame>


	<Include file="UR5/UR-6-85-5-A/Device.wc.xml" />


<!--insert gripper definition-->

     <Frame name="Tool" refframe="UR-6-85-5-A.TCP">
     <RPY>0 0 0</RPY> <Pos>0 0 0.072</Pos>
</Frame>


	<Include file="wsg50/wsg50.xml" />


	<Frame name="GraspTCP" refframe="UR-6-85-5-A.TCP" type="Fixed">
	<RPY>0 0 0</RPY> <Pos>0 0 0.15</Pos>
</Frame>
	
	<Frame name="Bottle" refframe="Table"  type="Movable" daf="true" >
     	<RPY> -90 0 90 </RPY> <Pos> 0 0.474 0.21 </Pos> 
	<!-- <Pos>0.25 0.474 0.15 </Pos> -->
	<!-- <Pos>0.0 0.474 0.15 </Pos> -->
	<!-- <Pos>0.3 -0.5 0.15</Pos> -->
     	<Drawable name="Bottle" refframe="Bottle">
    	<Polytope file="parts/bottle" />
    	</Drawable>
</Frame>



        <Frame name="GraspTarget" refframe="Bottle" type="Fixed">
	<RPY>0 0 0</RPY> <Pos>0 0 0.15</Pos>
</Frame>

<Frame name="Wall1" refframe="Table" type="Fixed">
		<RPY>0 0 0</RPY> <Pos>0.0 0.3065 0.17</Pos>
		<Drawable name="Wall1" refframe="Wall1">
			<Polytope file="parts/wall_1" />
		</Drawable>
	</Frame>
<Frame name="Wall2" refframe="Table" type="Fixed">
		<RPY>0 0 0</RPY> <Pos>0.0 0.5955 0.17</Pos>
		<Drawable name="Wall2" refframe="Wall2">
			<Polytope file="parts/wall_1" />
		</Drawable>
	</Frame>

	<Frame name="Wall3" refframe="Table" type="Fixed">
		<RPY>0 0 0</RPY> <Pos>0.396 0.45 0.17</Pos>
		<Drawable name="Wall3" refframe="Wall3">
			<Polytope file="parts/wall_2" />
		</Drawable>
	</Frame>

	<Frame name="Wall4" refframe="Table" type="Fixed">
		<RPY>0 0 0</RPY> <Pos>-0.396 0.45 0.17</Pos>
		<Drawable name="Wall4" refframe="Wall4">
			<Polytope file="parts/wall_2" />
		</Drawable>
	</Frame>

	

<CollisionSetup file="SceneCollisionSetup.prox.xml" />
 

</WorkCell>
