<WorkCell name="Scene">

	<Frame name="Table" refframe="WORLD" type="Fixed">
		<RPY>0 0 0</RPY> <Pos>0 0 -0.1</Pos>		
		 <Drawable name="Table" refframe="Table">
         <Polytope file="table/Sigmund_table" />
     </Drawable>
	</Frame>

	<Frame name="URReference" refframe="Table" type="Movable">
		<RPY>0 0 0</RPY> <Pos>0 0 0.11</Pos>
	</Frame>
	<Include file="UR5/UR-6-85-5-A/Device.wc.xml" />

<!--insert gripper definition-->

	  <Frame name="DH5" refframe="UR-6-85-5-A.Joint5">
       <RPY> -180 -180 -180</RPY> <Pos>  0  -0.0 0.15</Pos>
       </Frame>

      <Include file="wsg50/wsg50.xml" />


	<Frame name="GraspTCP" refframe="UR-6-85-5-A.TCP" type="Fixed">
		<RPY>0 0 0</RPY> <Pos>0 0 0.15</Pos>
	</Frame>
	
	<Frame name="Bottle" refframe="Table"  type="Movable" daf="true" >
     <RPY> -90 0 90 </RPY> <Pos> 0.018 0.472 0.22 </Pos>
     <Drawable name="Bottle" refframe="Bottle">
         <Polytope file="parts/bottle" />
     </Drawable>
</Frame>

<Frame name="GraspTarget" refframe="Table" type="Movable">
		<RPY>0 0 0</RPY> <Pos>0.018 0.472 0.22</Pos>
</Frame>


	
<!-- Cameras -->

<Frame name="Camera_Right" refframe="WORLD" type="Movable">
	<Pos>-0.1 1.1 0.5</Pos>
	<RPY>5.400 0.000 -42.120</RPY>
	<Property name="Camera" desc="[fovy,width,height]">50 640 480</Property>
</Frame>
<Frame name="Camera_Left" refframe="WORLD" type="Movable">
	<Pos>0.1 1.1 0.5</Pos>
	<RPY>-5.400 0.000 -42.120</RPY>
	<Property name="Camera" desc="[fovy,width,height]">50 640 480</Property>
</Frame>

<Frame name="Scanner25D" refframe="WORLD" type="Movable">
	<Pos>0 1.033 1.325</Pos>
	<RPY>0 0 -25</RPY>
	<Property name="Scanner25D" desc="[fovy,width,height]">50 640 480</Property>
</Frame>

<CollisionSetup file="SceneCollisionSetup.prox.xml" /> 

</WorkCell>
