<WorkCell name="Scene">

	<Frame name="Table" refframe="WORLD" type="Fixed">
		<RPY>0 0 0</RPY> <Pos>0 0 -0.1</Pos>		
		 <Drawable name="Table" refframe="Table">
         <Polytope file="table/Sigmund_table" />
     </Drawable>
	</Frame>

	<Frame name="URReference" refframe="Table" type="Movable">
		<RPY>0 0 0</RPY> <Pos>0 0 0.11</Pos>
	</Frame>

	<Include file="UR5/UR-6-85-5-A/Device.wc.xml" />

<!--insert gripper definition-->

     <Frame name="Tool" refframe="UR-6-85-5-A.TCP">
		<RPY>0 0 0</RPY> <Pos>0 0 0.072</Pos>
	</Frame>
	<Include file="wsg50/wsg50.xml" />

	<Frame name="GraspTCP" refframe="UR-6-85-5-A.TCP" type="Fixed">
		<RPY>0 0 0</RPY> <Pos>0 0 0.15</Pos>
	</Frame>
	

	<Frame name="Cylinder" refframe="Table"  type="Movable" daf="true" >
     <RPY> -90 0 180 </RPY> <Pos>-0.25 0.474 0.150</Pos>
     <Drawable name="cylinder" refframe="cylinder">
         <Polytope file="parts/cylinder" />
     </Drawable>
         </Frame>

     <Frame name="GraspTarget" refframe="WORLD" type="Movable">
     <RPY>0  0  0</RPY> <Pos>0 0 0</Pos>
     </Frame>


<CollisionSetup file="SceneCollisionSetup.prox.xml" /> 

</WorkCell>
